[
    {
        "Load_FFD": 0.006806313469914869,
        "Load_RA": 0.03419984092151335,
        "Load_RLS": 0.2305828428771639,
        "NODE_NUM": 10,
        "MS_NUM": 8,
        "AIMS_NUM": 2,
        "USER_NUM": 10,
        "RESOURCE": 10
    },
    {
        "Load_FFD": 0.012499048430754094,
        "Load_RA": 0.06732577641856304,
        "Load_RLS": 0.26240856775763,
        "NODE_NUM": 10,
        "MS_NUM": 10,
        "AIMS_NUM": 2,
        "USER_NUM": 10,
        "RESOURCE": 10
    },
    {
        "Load_FFD": 0.013251250201930746,
        "Load_RA": 0.034827886501444486,
        "Load_RLS": 0.28279093676780576,
        "NODE_NUM": 10,
        "MS_NUM": 12,
        "AIMS_NUM": 2,
        "USER_NUM": 10,
        "RESOURCE": 10
    },
    {
        "Load_FFD": 0.014428429869153742,
        "Load_RA": 0.035785099022362606,
        "Load_RLS": 0.2634824495133812,
        "NODE_NUM": 10,
        "MS_NUM": 14,
        "AIMS_NUM": 3,
        "USER_NUM": 10,
        "RESOURCE": 10
    },
    {
        "Load_FFD": 0.012859083683828008,
        "Load_RA": 0.023350959706421603,
        "Load_RLS": 0.25670207547626706,
        "NODE_NUM": 10,
        "MS_NUM": 16,
        "AIMS_NUM": 3,
        "USER_NUM": 10,
        "RESOURCE": 10
    },
    {
        "Load_FFD": 0.009968773002092583,
        "Load_RA": 0.01995787634574906,
        "Load_RLS": 0.24724538523013678,
        "NODE_NUM": 10,
        "MS_NUM": 18,
        "AIMS_NUM": 3,
        "USER_NUM": 10,
        "RESOURCE": 10
    },
    {
        "Load_FFD": 0.006612499727782642,
        "Load_RA": 0.029730120257856596,
        "Load_RLS": 0.25354574240493494,
        "NODE_NUM": 10,
        "MS_NUM": 20,
        "AIMS_NUM": 4,
        "USER_NUM": 10,
        "RESOURCE": 10
    },
    {
        "Load_FFD": 0.017294102190966183,
        "Load_RA": 0.0902966974603457,
        "Load_RLS": 0.27766259636335794,
        "NODE_NUM": 10,
        "MS_NUM": 22,
        "AIMS_NUM": 4,
        "USER_NUM": 10,
        "RESOURCE": 10
    },
    {
        "Load_FFD": 0.015699629354964186,
        "Load_RA": 0.06927429017103971,
        "Load_RLS": 0.2951408314356652,
        "NODE_NUM": 10,
        "MS_NUM": 24,
        "AIMS_NUM": 4,
        "USER_NUM": 10,
        "RESOURCE": 10
    },
    {
        "Load_FFD": 0.03337960786768634,
        "Load_RA": 0.06243109001486397,
        "Load_RLS": 0.30334987145921183,
        "NODE_NUM": 10,
        "MS_NUM": 26,
        "AIMS_NUM": 5,
        "USER_NUM": 10,
        "RESOURCE": 10
    }
]