episode,q_loss
1,0.0
2,501.2935384114583
3,868.4364420572916
4,899.1156751844618
5,864.4350111219618
6,910.9227905273438
7,905.4698486328125
8,1037.401170518663
9,973.4325018988716
10,1073.2893812391494
11,1004.027229309082
12,998.0655992296007
13,859.8155178493923
14,870.8685777452257
15,872.7668728298611
16,961.1376419067383
17,917.4365776909722
18,1016.4142523871528
19,1031.081814236111
20,1080.9946153428818
21,961.6691131591797
22,1090.2400783962673
23,1197.33447265625
24,1060.076124403212
25,1216.829074435764
26,1142.422103881836
27,1138.9463840060764
28,1067.8502468532986
29,1070.8490871853298
30,1266.6859809027778
31,1233.6639404296875
32,1237.4027506510417
33,1292.1725124782986
34,1193.2574191623264
35,1217.0130750868057
36,1214.7984008789062
37,1137.9122043185764
38,1166.9524875217014
39,1068.1636623806423
40,1125.7053765190972
41,1189.5781478881836
42,1176.5412733289932
43,1034.9445122612847
44,1119.347418891059
45,1085.034647623698
46,1127.9130096435547
47,1090.5084567599827
48,1041.9954766167534
49,1087.4649726019966
50,1262.0536295572917
51,1159.8561630249023
52,1121.7910834418403
53,1232.3764038085938
54,1248.8306206597222
55,1318.4394666883682
56,1441.8793029785156
57,1529.2913411458333
58,1484.7957356770833
59,1586.0887993706597
60,1602.3025444878472
61,1468.3303680419922
62,1490.7537841796875
63,1228.2745632595486
64,1322.7961018880208
65,1165.5008816189236
66,1140.4340515136719
67,1290.6611328125
68,1521.4840087890625
69,1490.587158203125
70,1357.3332926432292
71,1333.8376007080078
72,1405.6422254774307
73,1142.4323323567708
74,1252.324191623264
75,1321.1614583333333
76,1408.48095703125
77,1452.9750840928818
78,1390.6560736762153
79,1461.1094970703125
80,1430.9850396050347
81,1431.4360046386719
82,1375.5818684895833
83,1471.4191080729167
84,1483.0932481553818
85,1394.8924696180557
86,1417.0638275146484
87,1342.9215223524307
88,1508.1524115668403
89,1511.0171440972222
90,1542.121853298611
91,1445.4710235595703
92,1506.797878689236
93,1449.0885281032986
94,1447.4054633246528
95,1438.5172390407986
96,1477.3219146728516
97,1259.2569986979167
98,1386.7338731553818
99,1472.738552517361
100,1511.0921359592014
101,1478.623031616211
102,1603.4343397352432
103,1433.5412733289932
104,1575.3011881510417
105,1726.2658284505208
106,1675.6432342529297
107,1850.7595350477432
108,1728.5954182942708
109,1751.1773546006943
110,1698.0326605902778
111,1509.0792999267578
112,1659.2467312282986
113,1562.2703857421875
114,1414.9859822591145
115,1583.3451334635417
116,1584.6817932128906
117,1469.6458740234375
118,1654.1012776692708
119,1504.8826633029514
120,1677.0494249131943
121,1738.759750366211
122,1514.1162245008682
123,1436.1283637152778
124,1566.298855251736
125,1478.238796657986
126,1376.0535736083984
127,1435.9688042534722
128,1395.1010606553818
129,1541.0138346354167
130,1489.6142035590278
131,1555.3887786865234
132,1540.8595106336807
133,1583.4891899956597
134,1659.3275010850693
135,1709.1071912977432
136,1820.2279815673828
137,1598.0487060546875
138,1637.3560655381943
139,1671.0327012803818
140,1657.4405788845486
141,1749.2080383300781
142,1615.525119357639
143,1720.1645643446182
144,1659.4393581814236
145,1752.594699435764
146,1581.1707000732422
147,1578.7034505208333
148,1665.0513102213542
149,1671.5234917534722
150,1828.2220458984375
151,1873.1517181396484
152,1665.6102430555557
153,1692.2691107855903
154,1611.5532090928818
155,1758.790744357639
156,1701.9858856201172
157,1710.6878390842014
158,1669.4876437717014
159,1702.1792127821182
160,1634.671902126736
161,1783.2155303955078
162,1584.7855224609375
163,1580.6596815321182
164,1538.3000081380208
165,1487.155788845486
166,1633.927001953125
167,1696.019259982639
168,1922.3272162543403
169,1935.175509982639
170,1711.8283148871528
171,1895.1697540283203
172,1882.9250081380208
173,1795.2989230685764
174,1677.3991834852432
175,1675.9575059678818
176,1781.8169403076172
177,1575.856960720486
178,1708.5914306640625
179,1678.8670111762153
180,1876.8301595052083
181,1888.296890258789
182,1759.8770616319443
183,1715.8550347222222
184,1731.2088080512153
185,1484.5947808159722
186,1651.8454132080078
187,1709.282741970486
188,1796.5865885416667
189,1803.2346733940972
190,1817.7056342230903
191,1860.4928436279297
192,1797.0916069878472
193,1822.2691107855903
194,1567.361083984375
195,1708.918240017361
196,1680.5476837158203
197,1700.4528672960068
198,1717.222683376736
199,1752.247802734375
200,1728.8334825303818
201,1777.7974548339844
202,1837.080295138889
203,1761.3190511067708
204,1777.5014784071182
205,1865.8872205946182
206,1907.1160583496094
207,1719.5299886067708
208,1773.2810736762153
209,1529.0038655598958
210,1908.9622395833333
211,1799.280258178711
212,1601.5486924913193
213,1700.6759847005208
214,1632.6741943359375
215,1627.8235677083333
216,1739.6646270751953
217,1644.2779947916667
218,1679.2830403645833
219,1779.074490017361
220,1765.4808892144097
221,1882.589584350586
222,1850.6387803819443
223,1896.9101426866318
224,1791.368869357639
225,1722.7454020182292
226,1874.5863037109375
227,1840.5393202039932
228,2008.4667833116318
229,1954.4945339626736
230,1838.2195231119792
231,1888.459228515625
232,1948.066650390625
233,1918.6857367621528
234,1786.8018391927083
235,1672.9324951171875
236,1655.7373962402344
237,1746.0825737847222
238,1894.102756076389
239,1847.0318332248264
240,2015.7647298177083
241,1750.2823181152344
242,1644.6595323350693
243,1662.503146701389
244,1660.0660264756943
245,1634.501980251736
246,1806.0532836914062
247,1936.5053168402778
248,2007.59033203125
249,2006.2144232855903
250,2163.4861518012153
251,2248.620162963867
252,1911.30517578125
253,1753.3384738498264
254,2059.788723415799
255,2108.895277235243
256,2150.594772338867
257,2170.5115424262153
258,2112.5316297743057
259,1928.726291232639
260,1963.2147488064236
261,1744.7344360351562
262,1764.3210313585068
263,1731.644314236111
264,1677.0506456163193
265,1784.8921983506943
266,1927.5850982666016
267,1903.940456814236
268,2127.877237955729
269,1992.6273193359375
270,2182.408257378472
271,2100.5076293945312
272,2042.3731960720486
273,2229.3214111328125
274,2083.3694661458335
275,2174.3597412109375
276,2158.0983123779297
277,2309.258205837674
278,2221.1159396701387
279,2131.4928521050347
280,2282.8433430989585
281,2186.1979064941406
282,2081.2334255642363
283,2131.693806966146
284,2249.0090603298613
285,2065.3742947048613
286,2226.941452026367
287,2106.6439208984375
288,1897.9957682291667
289,2123.520494249132
290,2368.804144965278
291,2186.6542358398438
292,2060.705512152778
293,2085.1275770399307
294,2180.3241916232637
295,2136.9154188368057
296,2294.6195068359375
297,2202.619154188368
298,2193.2408040364585
299,2226.1461317274307
300,2264.2091606987847
301,2183.436325073242
302,2104.0464680989585
303,2044.7892659505208
304,1804.81298828125
305,2117.412638346354
306,2133.0914306640625
307,2101.1778021918403
308,2002.3783501519097
309,2098.5774739583335
310,2195.645562065972
311,2005.3533172607422
312,2169.8421223958335
313,2120.9158528645835
314,2094.355509440104
315,1946.4415690104167
316,2096.4711303710938
317,2052.8487548828125
318,2269.9482421875
319,1862.6066758897568
320,2028.0046929253472
321,1917.3114624023438
322,2027.0245090060764
323,1966.0581732855903
324,1990.5025363498264
325,1882.7210557725693
326,2061.8460540771484
327,1815.4745008680557
328,1937.0432807074653
329,1730.5314127604167
330,1924.5575629340278
331,1997.5361633300781
332,2068.6016710069443
333,1981.5760362413193
334,2001.891086154514
335,1788.8299560546875
336,1764.978515625
337,1830.4787733289932
338,2018.493408203125
339,1865.1734754774307
340,1894.8375786675347
341,1870.3837280273438
342,1875.3998616536458
343,1831.917209201389
344,1951.8848605685764
345,2046.4637993706597
346,2336.530548095703
347,2152.3997938368057
348,2264.6531846788193
349,2247.2596028645835
350,2028.0884874131943
351,2096.8084716796875
352,2034.2281222873264
353,1763.0525851779514
354,1923.5219184027778
355,1746.3394504123264
356,2035.103271484375
357,1980.8805067274307
358,1869.9783664279514
359,2199.571031358507
360,2207.7011447482637
361,2180.1737213134766
362,2311.562594943576
363,2308.7090521918403
364,2177.6373291015625
365,1849.5706244574653
366,2037.7898406982422
367,2011.0894368489583
368,1952.40966796875
369,2149.274671766493
370,2041.3128255208333
371,1940.607162475586
372,1852.9298095703125
373,1990.9468587239583
374,1909.5308295355903
375,1971.4198269314236
376,2115.675048828125
377,1963.9878336588542
378,1890.7794189453125
379,2097.7135009765625
380,2050.530910915799
381,1947.6710968017578
382,2174.648722330729
383,2066.1336127387153
384,2131.466362847222
385,2263.825439453125
386,2311.369110107422
387,2324.287258572049
388,2080.807861328125
389,2324.415242513021
390,2125.1762424045137
391,1866.8929290771484
392,1810.6571316189236
393,1971.6218668619792
394,1928.7692328559028
395,1992.9902479383682
396,1875.4845733642578
397,1892.3203803168403
398,1914.4914686414932
399,1906.5976698133682
400,1919.7850884331597
401,1854.3430633544922
402,1830.3456624348958
403,1778.5644938151042
404,1688.4156087239583
405,1624.1715766059028
406,1738.6331024169922
407,1639.0462646484375
408,1935.1214735243057
409,1928.8413628472222
410,1930.6542019314236
411,1941.801010131836
412,1785.292507595486
413,1881.537109375
414,1755.9597981770833
415,1938.016818576389
416,2072.2665405273438
417,1894.28564453125
418,2106.038913302951
419,2207.585598415799
420,2002.4993625217014
421,2052.475341796875
422,1836.1575385199653
423,1839.4173855251736
424,1844.239963107639
425,1852.5108235677083
426,1882.323974609375
427,1778.260036892361
428,1686.9212917751736
429,1685.6261528862847
430,1719.741970486111
431,1855.4002227783203
432,1903.3572184244792
433,1982.1328531901042
434,2150.146036783854
435,2174.820068359375
436,2028.9654541015625
437,1946.790310329861
438,1874.6170654296875
439,1833.380588107639
440,1892.2759738498264
441,1799.5076446533203
442,2062.074652777778
443,2084.603312174479
444,2249.884019639757
445,2051.0512966579863
446,1964.9513854980469
447,1837.8095567491318
448,1881.877197265625
449,1933.2127821180557
450,1858.1540391710068
451,1856.0078125
452,2090.956488715278
453,2034.0856255425347
454,2017.1381157769097
455,2054.9165717230903
456,2262.716567993164
457,2100.0499403211807
458,1908.1628282335068
459,2011.2747531467014
460,1835.6659206814236
461,2011.2477264404297
462,1782.4664984809028
463,1961.7840711805557
464,1785.0490587022568
465,1694.4771728515625
466,1770.5745849609375
467,1823.3311631944443
468,1785.9377577039932
469,1881.1964789496528
470,2043.83349609375
471,1903.5216674804688
472,1995.9853379991318
473,2066.7840033637153
474,1958.5449083116318
475,2011.8964029947917
476,1917.2589263916016
477,1773.4138997395833
478,1808.4185519748264
479,1975.4115397135417
480,2044.3729654947917
481,2095.459274291992
482,2045.6378580729167
483,2023.7272813585068
484,2002.3477918836807
485,2033.8540174696182
486,1860.3721466064453
487,1737.5436469184028
488,1857.5726047092014
489,1869.1113688151042
490,2083.351847330729
491,1756.3526306152344
492,1831.6989067925347
493,1731.1072184244792
494,1756.2621120876736
495,1826.1151801215278
496,1958.2084045410156
497,2073.474622938368
498,2230.898966471354
499,2463.8055013020835
500,2314.9844428168403
501,2323.7472076416016
502,2185.6874728732637
503,2049.625257703993
504,1801.9375542534722
505,1978.5418972439236
506,1915.7297058105469
507,2144.311279296875
508,1880.2529839409722
509,2143.1704779730903
510,2023.5138481987847
511,2042.3820190429688
512,1978.860866970486
513,2114.446438259549
514,2015.5461018880208
515,2102.516343858507
516,2262.507354736328
517,2264.4737141927085
518,2197.170667860243
519,2190.665676540799
520,2044.3776177300347
521,2068.9225158691406
522,2048.2351888020835
523,1798.0279947916667
524,2047.4087049696182
525,1982.1680094401042
526,1872.2692413330078
527,1921.8475070529514
528,2063.075642903646
529,1813.2315809461807
530,1812.9908989800347
531,1738.650390625
532,1903.0065511067708
533,1773.3099636501736
534,1913.7150743272568
535,1933.3644612630208
536,1972.693344116211
537,1919.0478108723958
538,2155.5838487413193
539,2021.0712754991318
540,2092.706556532118
541,2085.5966796875
542,2037.9830864800347
543,1854.5479871961807
544,1944.029812282986
545,1914.5767279730903
546,2113.3953399658203
547,2177.432033962674
548,1891.751736111111
549,2107.9735649956597
550,2141.864990234375
551,1943.6016998291016
552,1821.1386854383682
553,1697.0803358289932
554,1657.7377522786458
555,1693.6982964409722
556,1838.2152099609375
557,1763.7647705078125
558,1764.8245849609375
559,2003.7611626519097
560,2008.9585367838542
561,1923.0177612304688
562,2014.3240559895833
563,1975.9679497612847
564,1863.5748969184028
565,2030.2324896918403
566,2155.099609375
567,2094.8199869791665
568,1996.5380859375
569,2041.560519748264
570,2080.404446072049
571,2086.361282348633
572,2290.1987575954863
573,2101.7719048394097
574,2181.4998372395835
575,2137.950100368924
576,2274.0060272216797
577,2078.6388481987847
578,2013.290744357639
579,1956.924533420139
580,2056.2811686197915
581,2109.1324768066406
582,1996.6959906684028
583,2331.654351128472
584,2390.472262912326
585,2197.770521375868
586,2003.9864501953125
587,2092.7736002604165
588,2161.5289713541665
589,1881.9799940321182
590,2099.458780924479
591,1931.7113952636719
592,2106.688286675347
593,2079.4467095269097
594,2026.984619140625
595,2188.1699490017363
596,2101.947769165039
597,2075.2660047743057
598,1961.1168755425347
599,1850.4135606553818
600,2105.5881076388887
601,1895.0381164550781
602,2092.5828857421875
603,1942.0853135850693
604,2197.3326009114585
605,2110.262220594618
606,2078.9478607177734
607,2071.2482096354165
608,1821.4255506727432
609,2116.425143771701
610,2159.941216362847
611,2179.2970428466797
612,2123.4054497612847
613,2238.991251627604
614,2421.5920138888887
615,2114.4817165798613
616,2206.2167358398438
617,2102.120171440972
618,2152.7044813368057
619,2321.614935980903
620,2400.68359375
621,2578.5279235839844
622,2444.4899631076387
623,2409.05126953125
624,2113.9494900173613
625,1891.3152398003472
626,1671.4342803955078
627,1851.3542616102432
628,1740.8724365234375
629,2077.8790418836807
630,2135.368855794271
631,2064.0115356445312
632,2189.4808213975693
633,2171.9820149739585
634,2126.869642469618
635,2155.404351128472
636,2177.658004760742
637,2217.2783474392363
638,1984.4487982855903
639,2177.736518012153
640,2012.5479600694443
641,2331.3882446289062
642,2423.38427734375
643,2312.2929416232637
644,2402.596978081597
645,2239.497856987847
646,2142.2675018310547
647,2062.245890299479
648,1986.668240017361
649,1898.7486029730903
650,2037.7016465928818
651,1897.224868774414
652,1772.6919759114583
653,1687.1679823133682
654,1587.5374213324653
655,1776.3487820095486
656,1822.0522155761719
657,2011.9133843315972
658,1979.5449896918403
659,1959.500271267361
660,1869.6597900390625
661,1743.8328247070312
662,1764.6499565972222
663,1737.5837537977432
664,1741.5897759331597
665,1905.5028889973958
666,1826.8796081542969
667,1991.1854519314236
668,1789.6087782118057
669,1658.3612467447917
670,1677.3951009114583
671,1546.2144622802734
672,1656.4653455946182
673,1766.9320475260417
674,1750.2003987630208
675,1833.5143500434028
676,1922.1443786621094
677,1707.3337809244792
678,1551.2460123697917
679,1772.6338840060764
680,1680.9609510633682
681,1669.6392822265625
682,1549.6750352647568
683,1712.7518446180557
684,1707.5198567708333
685,1624.7552625868057
686,1652.7745056152344
687,1718.7075873480903
688,1762.1519911024307
689,1624.5466851128472
690,1705.34912109375
691,1623.7104187011719
692,1703.0606689453125
693,1700.6428765190972
694,1545.9522976345486
695,1585.1123725043403
696,1538.5054016113281
697,1666.1973605685764
698,1607.6682807074653
699,1654.2758246527778
700,1654.4251166449653
701,1539.3003234863281
702,1692.7833523220486
703,1639.6864827473958
704,1727.3500840928818
705,1627.022216796875
706,1572.302017211914
707,1597.6560601128472
708,1455.2636311848958
709,1921.2261827256943
710,1710.4358045789932
711,1646.4909057617188
712,1623.3843722873264
713,1828.647976345486
714,1742.9810384114583
715,1673.5536973741318
716,1635.4566345214844
717,1663.1581353081597
718,1495.6327446831597
719,1712.0810411241318
720,1720.2870686848958
721,1766.7859802246094
722,1744.3292914496528
723,1670.5417344835068
724,1733.4716661241318
725,1616.5192735460068
726,1475.8622436523438
727,1368.857889811198
728,1393.5259467230903
729,1402.9990370008682
730,1263.7485758463542
731,1356.2464294433594
732,1383.30322265625
733,1380.1820068359375
734,1404.1864013671875
735,1490.5803900824653
736,1536.2520141601562
737,1572.7364095052083
738,1487.5287272135417
739,1547.8062269422744
740,1589.9512668185764
741,1414.4686737060547
742,1550.1138916015625
743,1490.540744357639
744,1687.8590359157986
745,1586.1435004340278
746,1355.864013671875
747,1445.4529486762153
748,1371.236111111111
749,1390.869635687934
750,1571.631103515625
751,1585.8117065429688
752,1562.7923448350693
753,1567.898952907986
754,1461.8574896918403
755,1650.8040228949653
756,1816.851577758789
757,1426.3865288628472
758,1621.1298014322917
759,1748.830078125
760,1762.6693386501736
761,1619.4404602050781
762,1614.5980360243057
763,1286.4603203667534
764,1511.3877766927083
765,1404.2675442165798
766,1279.8307189941406
767,1510.0237630208333
768,1519.3449300130208
769,1542.6420084635417
770,1390.4527180989583
771,1422.810401916504
772,1536.1716172960068
773,1413.855007595486
774,1210.9686957465278
775,1275.4740532769097
776,1417.1035919189453
777,1155.7979465060764
778,1308.3138427734375
779,1241.892815483941
780,1423.8892483181423
781,1081.087173461914
1,0.0
2,501.24874538845484
3,861.5485093858507
4,890.5445014105903
5,862.7032809787327
6,902.2992782592773
7,897.2491115993923
8,1045.088107638889
9,1017.6329413519966
10,1096.2010091145833
11,1053.1327819824219
12,1055.4055040147568
13,924.6797824435764
14,988.9612765842014
15,1036.9442613389756
16,1127.6777725219727
17,1087.680914984809
18,1157.7098117404514
19,1102.3995903862847
20,1162.6622856987847
21,952.322639465332
22,1127.152560763889
23,1228.4466417100693
24,1069.9852905273438
25,1206.5798475477432
26,1153.4295654296875
27,1155.383768717448
28,1045.487060546875
29,1101.4069146050347
30,1116.8446180555557
31,1209.759536743164
32,1081.0477091471355
33,1218.985378689236
34,1183.5309516059028
35,1256.4170871310764
36,1227.128189086914
37,1169.1415066189236
38,1160.9597913953994
39,1045.603264702691
40,1092.6893310546875
41,1166.697410583496
42,1125.3214789496528
43,998.500257703993
44,1048.037116156684
45,1061.4276529947917
46,1099.993019104004
47,1063.8642713758682
48,1044.6702473958333
49,1095.4425116644966
50,1281.8162706163193
51,1172.6036376953125
52,1135.8301662868923
53,1225.5972696940105
54,1235.2325575086807
55,1313.9380425347222
56,1446.4471130371094
57,1604.0235460069443
58,1545.4258897569443
59,1705.6569010416667
60,1752.305148654514
61,1518.0169372558594
62,1523.1061062282986
63,1241.8543158637153
64,1342.3790554470486
65,1197.932393391927
66,1147.912857055664
67,1302.6497531467014
68,1515.882785373264
69,1478.060275607639
70,1391.0186767578125
71,1360.3250274658203
72,1426.566433376736
73,1208.879665798611
74,1296.7227918836807
75,1341.684841579861
76,1428.4140319824219
77,1484.0138075086807
78,1435.674777560764
79,1464.2068277994792
80,1456.0695393880208
81,1417.3004913330078
82,1292.6890462239583
83,1354.4449055989583
84,1350.325710720486
85,1345.9874131944443
86,1367.6917572021484
87,1303.7001546223958
88,1431.2517903645833
89,1466.2648518880208
90,1582.727322048611
91,1542.4305877685547
92,1547.6659206814236
93,1465.6930474175347
94,1513.9543863932292
95,1571.4253743489583
96,1564.054443359375
97,1477.8955620659722
98,1457.0103217230903
99,1553.9318169487847
100,1588.591769748264
101,1582.2831573486328
102,1673.7628038194443
103,1643.9481879340278
104,1773.4137641059028
105,1703.3275010850693
106,1682.3743438720703
107,1781.6049126519097
108,1640.2333034939236
109,1738.3197564019097
110,1623.5831027560764
111,1568.2154846191406
112,1612.4662136501736
113,1554.5243326822917
114,1467.758273654514
115,1519.140597873264
116,1630.0721435546875
117,1502.1952582465278
118,1726.9317084418403
119,1577.1252305772568
120,1691.436794704861
121,1747.6083221435547
122,1528.1952446831597
123,1375.6864691840278
124,1555.5106608072917
125,1515.8819308810764
126,1403.3343200683594
127,1464.6073133680557
128,1429.3279622395833
129,1570.0192057291667
130,1520.190456814236
131,1594.0543670654297
132,1639.0795084635417
133,1549.5995144314236
134,1628.1616753472222
135,1545.8032769097222
136,1811.3531494140625
137,1671.0748969184028
138,1739.5333251953125
139,1735.698947482639
140,1655.7253011067708
141,1752.3341522216797
142,1511.517306857639
143,1630.8363579644097
144,1525.5235866970486
145,1655.2993299696182
146,1520.7762908935547
147,1584.347927517361
148,1660.8485785590278
149,1736.7235243055557
150,1885.9451226128472
151,1899.5843658447266
152,1704.506103515625
153,1666.086452907986
154,1501.2996012369792
155,1648.6229383680557
156,1637.5150146484375
157,1560.0039469401042
158,1503.470703125
159,1579.220486111111
160,1438.7888047960068
161,1606.541030883789
162,1510.852030436198
163,1582.3316107855903
164,1590.0809054904514
165,1556.8390435112847
166,1719.98046875
167,1666.8956705729167
168,1741.3006998697917
169,1775.9488118489583
170,1561.048095703125
171,1786.8251647949219
172,1757.4735649956597
173,1763.5409071180557
174,1638.4339192708333
175,1647.5516357421875
176,1715.3954010009766
177,1659.7701144748264
178,1624.1227484809028
179,1719.8698052300347
180,1810.3961181640625
181,1791.4832916259766
182,1640.4959716796875
183,1729.054660373264
184,1759.7637261284722
185,1524.7057969835068
186,1641.327163696289
187,1701.383327907986
188,1757.3895941840278
189,1760.224338107639
190,1748.6501329210068
191,1862.9150390625
192,1839.3274603949653
193,1737.2985026041667
194,1627.9795464409722
195,1746.5300428602432
196,1706.4039306640625
197,1775.6685791015625
198,1748.1689453125
199,1769.1645372178818
200,1584.9393174913193
201,1525.6701049804688
202,1680.4891221788193
203,1535.4694417317708
204,1557.9491373697917
205,1656.1757948133682
206,1695.7157592773438
207,1607.5467529296875
208,1627.645290798611
209,1515.28515625
210,1951.9020860460068
211,1841.8417358398438
212,1707.4209391276042
213,1761.9123399522568
214,1796.7661810980903
215,1762.8494601779514
216,1856.5882415771484
217,1783.514675564236
218,1838.2716742621528
219,1723.4393581814236
220,1635.4938015407986
221,1786.4797668457031
222,1695.2030164930557
223,1749.827121310764
224,1655.7085639105903
225,1650.4916856553818
226,1760.063247680664
227,1787.1564398871528
228,1936.9330512152778
229,1871.6765814887153
230,1921.7062038845486
231,2156.615219116211
232,1951.8795030381943
233,1925.7491048177083
234,1977.6773410373264
235,1864.3910725911458
236,1858.1698455810547
237,1858.8317464192708
238,2046.0703260633682
239,1995.3873426649307
240,1915.3362494574653
241,1694.8946533203125
242,1634.6697998046875
243,1637.2950303819443
244,1641.5938313802083
245,1525.4707709418403
246,1838.3731231689453
247,1855.9832085503472
248,1990.7792561848958
249,1963.9804280598958
250,2102.293063693576
251,2088.743911743164
252,1721.9274088541667
253,1765.4687364366318
254,1923.3517523871528
255,1941.9571533203125
256,2081.858200073242
257,2102.765394422743
258,2046.108642578125
259,2070.4591606987847
260,2160.5710177951387
261,1800.0509490966797
262,1908.1391194661458
263,2003.7098795572917
264,2038.2059190538193
265,1877.8831651475693
266,2109.7200469970703
267,1969.925075954861
268,2185.610066731771
269,2050.847710503472
270,2212.1524115668403
271,2241.8228302001953
272,1936.3314615885417
273,2029.2757432725693
274,2090.0379638671875
275,2123.5758463541665
276,2205.3670349121094
277,2325.6253119574653
278,2257.5539822048613
279,2194.3531494140625
280,2286.699449327257
281,2085.0050506591797
282,1949.9343939887153
283,1932.484890407986
284,2010.297146267361
285,2020.1124131944443
286,2163.0595092773438
287,2110.511569552951
288,1989.2727186414932
289,2327.2296006944443
290,2567.9654134114585
291,2271.4058837890625
292,2214.3292643229165
293,2157.128363715278
294,2339.399861653646
295,2198.944295247396
296,2279.634262084961
297,2090.5889892578125
298,2082.3627115885415
299,1995.169189453125
300,2148.3135036892363
301,2061.8548583984375
302,2108.9991861979165
303,1930.7253824869792
304,1757.8189154730903
305,2135.459038628472
306,1985.5406036376953
307,1967.7280137803818
308,1920.5931125217014
309,1989.2044677734375
310,2240.6124810112847
311,2192.989028930664
312,2451.4028049045137
313,2241.3782823350693
314,2076.4074978298613
315,2030.0882839626736
316,2064.6522827148438
317,1968.267333984375
318,2159.2296006944443
319,1939.157931857639
320,2029.0505777994792
321,2078.4395446777344
322,2185.9703776041665
323,1990.2318929036458
324,1998.4281684027778
325,1959.2164171006943
326,2263.0374603271484
327,2161.0276692708335
328,2297.4044325086807
329,2144.5267740885415
330,2240.0615912543403
331,2137.1226654052734
332,2397.8585611979165
333,2113.527140299479
334,2182.9658881293403
335,1981.9233805338542
336,2049.076461791992
337,2068.4105224609375
338,2148.0764431423613
339,1998.5083821614583
340,1960.1914605034722
341,1933.1294708251953
342,1952.5045708550347
343,1825.6336263020833
344,1895.1053873697917
345,2049.9606255425347
346,2254.2274780273438
347,2259.6827799479165
348,2343.7237141927085
349,2380.5144856770835
350,2313.415093315972
351,2104.835708618164
352,2253.2926432291665
353,2060.746731228299
354,2143.020317925347
355,1911.9625786675347
356,2081.1163177490234
357,2040.1610785590278
358,1888.6995171440972
359,2106.3075358072915
360,2179.227837456597
361,2117.362564086914
362,2250.184027777778
363,2133.0569525824653
364,2179.844441731771
365,2022.7627495659722
366,2188.262481689453
367,2344.4447157118057
368,2222.7620985243057
369,2340.5485026041665
370,2203.606689453125
371,2160.339859008789
372,2101.5818956163193
373,2214.157958984375
374,2054.7691107855903
375,2176.3069525824653
376,2304.7171783447266
377,2198.1730278862847
378,2149.495700412326
379,2358.3800998263887
380,2061.940619574653
381,2057.345016479492
382,1917.5662570529514
383,1930.5538601345486
384,2098.3350287543403
385,2158.081488715278
386,2098.9915618896484
387,2228.2762586805557
388,2096.2265353732637
389,2504.6829698350693
390,2240.3066134982637
391,2099.254852294922
392,2169.7957628038193
393,2149.7674153645835
394,1938.1629774305557
395,1943.4201524522568
396,1917.5108795166016
397,1918.1535780164932
398,2140.5308295355903
399,2091.3341200086807
400,2087.895304361979
401,2292.2720489501953
402,2184.5579427083335
403,2161.247653537326
404,2189.91845703125
405,2102.8748236762153
406,2315.5879974365234
407,2239.681939019097
408,2339.6533881293403
409,2321.712307400174
410,2144.3828396267363
411,2237.1787719726562
412,2079.3225911458335
413,2061.345499674479
414,2067.8069932725693
415,2159.113430447049
416,2031.3455200195312
417,2000.4059380425347
418,2044.2093098958333
419,2025.9585774739583
420,1852.7346327039932
421,1907.52294921875
422,1898.613009982639
423,2009.4854193793403
424,1976.2841389973958
425,2224.6132134331597
426,2217.5321044921875
427,2272.860934787326
428,2297.2269829644097
429,2217.1533881293403
430,2158.5477837456597
431,2228.367202758789
432,1972.5723334418403
433,1899.0270317925347
434,1941.5102403428818
435,1884.2221815321182
436,1881.229965209961
437,2000.9961480034722
438,1930.3580593532986
439,1883.6555853949653
440,2036.6192491319443
441,1959.8109741210938
442,2290.7357042100693
443,2189.166748046875
444,2345.9784884982637
445,1990.689453125
446,2023.5909271240234
447,1841.87744140625
448,1864.07080078125
449,1906.4918891059028
450,1886.9423421223958
451,1954.048599243164
452,2117.7830268012153
453,2152.116224500868
454,1918.9290364583333
455,1922.2173258463542
456,1868.388412475586
457,1956.4737955729167
458,1875.9685465494792
459,1954.0957845052083
460,1970.1073811848958
461,1912.2631072998047
462,1786.937228732639
463,2185.5956353081597
464,2004.3947211371528
465,2225.8025173611113
466,2188.0682525634766
467,2292.529201931424
468,2210.878119574653
469,2197.753160264757
470,2308.4169921875
471,2035.4524536132812
472,2009.3779975043403
473,1861.3919542100693
474,1965.2847900390625
475,1859.0416666666667
476,1817.5735626220703
477,1638.512966579861
478,1650.503200954861
479,1593.8766682942708
480,1678.0901692708333
481,1696.4070434570312
482,1736.9952799479167
483,1855.7050238715278
484,1917.9656982421875
485,1979.0720350477432
486,1641.8261108398438
487,1641.0658094618057
488,1832.2036675347222
489,2025.7990180121528
490,1964.617892795139
491,1732.9569549560547
492,1766.8293999565972
493,1612.0686170789932
494,1710.6786295572917
495,1752.5070393880208
496,1730.922103881836
497,1651.6664360894097
498,1619.3427598741318
499,1791.56298828125
500,1733.379367404514
501,1811.022720336914
502,1929.9211290147568
503,1988.2286648220486
504,2026.8415391710068
505,2050.026421440972
506,2021.1759643554688
507,1940.5700005425347
508,1652.791748046875
509,1945.3899468315972
510,1792.6106092664932
511,1949.5771789550781
512,1927.571506076389
513,1959.9400092230903
514,2086.288479275174
515,2127.9969482421875
516,2201.2175903320312
517,2299.2262098524307
518,2188.3653971354165
519,2126.281005859375
520,1966.5475124782986
521,2036.7786407470703
522,2029.0058051215278
523,1987.3796793619792
524,2188.2773166232637
525,2141.2564290364585
526,2030.6150360107422
527,1949.759304470486
528,2003.8586290147568
529,1802.9110243055557
530,1836.6542290581597
531,2203.4581298828125
532,2047.575710720486
533,2089.765570746528
534,2136.986775716146
535,1961.8039957682292
536,2081.8804779052734
537,1852.941650390625
538,2010.26806640625
539,1893.6024034288193
540,2079.418511284722
541,2132.942840576172
542,2012.1855333116318
543,1890.0756022135417
544,1796.7536756727432
545,1764.1429985894097
546,1777.5062561035156
547,1701.830810546875
548,1682.0741373697917
549,1622.8110487196182
550,1632.491482204861
551,1619.5022583007812
552,1583.7723795572917
553,1816.1693250868057
554,1776.989501953125
555,1827.0904676649307
556,1714.944808959961
557,1644.9997422960068
558,1675.0481499565972
559,1822.7424994574653
560,1734.7371826171875
561,1674.9603271484375
562,1734.6407470703125
563,1839.604519314236
564,1627.3795572916667
565,1743.053195529514
566,1926.0721588134766
567,1774.7091606987847
568,1711.2676323784722
569,1809.71533203125
570,1910.2811550564236
571,1992.9876861572266
572,2018.194552951389
573,1818.487575954861
574,1769.0049913194443
575,1602.7912190755208
576,1535.5842590332031
577,1360.8446723090278
578,1411.4024251302083
579,1573.19775390625
580,1645.9565022786458
581,1728.5320587158203
582,1651.0352376302083
583,1696.2496880425347
584,1694.6715087890625
585,1591.4767659505208
586,1605.4999237060547
587,1725.3921712239583
588,1572.4568549262153
589,1603.5568169487847
590,1820.841796875
591,1726.6807250976562
592,1806.0213487413193
593,1770.5964219835068
594,1831.2056749131943
595,1842.135769314236
596,1751.2136993408203
597,1876.7493489583333
598,1922.4554307725693
599,1605.649441189236
600,1887.478786892361
601,1726.3666229248047
602,1740.7752956814236
603,1685.509982638889
604,1692.4766031901042
605,1709.3084174262153
606,1582.6300964355469
607,1718.5511203342014
608,1716.3372802734375
609,1777.0301378038193
610,1784.2828911675347
611,1686.0601654052734
612,1708.7371419270833
613,1780.203152126736
614,1782.6606038411458
615,1808.5022108289932
616,1842.7952728271484
617,1596.4168429904514
618,1633.716796875
619,1667.7406141493057
620,1600.8961317274307
621,1798.9748229980469
622,1915.2254367404514
623,1878.5508219401042
624,1747.8598090277778
625,1820.0804172092014
626,1474.3597106933594
627,1720.1016031901042
628,1577.7899712456597
629,1653.9380967881943
630,1642.1527235243057
631,1732.0210876464844
632,1755.0335286458333
633,1804.1067301432292
634,1765.4276801215278
635,1667.7948269314236
636,1654.9554138183594
637,1665.6785210503472
638,1673.6206190321182
639,1697.2666151258682
640,1780.137179904514
641,1815.0532684326172
642,1861.8531087239583
643,1972.7806803385417
644,2088.2394748263887
645,2000.5343560112847
646,1934.2396392822266
647,1732.3546685112847
648,1565.7803412543403
649,1565.1481119791667
650,1644.2043863932292
651,1658.4756317138672
652,1744.4955105251736
653,1925.4995930989583
654,1856.5366075303818
655,1850.7733154296875
656,1826.214828491211
657,1771.691623263889
658,1802.191433376736
659,1721.2367757161458
660,1728.3942057291667
661,1762.3682098388672
662,1695.3907741970486
663,1801.9493272569443
664,1738.6510823567708
665,1473.4426947699653
666,1508.9461975097656
667,1734.4694010416667
668,1897.2266710069443
669,1834.1017388237847
670,1994.0828857421875
671,1808.6142578125
672,1736.6386176215278
673,1680.3851047092014
674,1769.974365234375
675,1647.2398546006943
676,1574.1022644042969
677,1637.318386501736
678,1676.5953369140625
679,1754.5163981119792
680,1816.4232584635417
681,1836.7669525146484
682,1639.3318006727432
683,1622.8702935112847
684,1470.034695095486
685,1421.2107883029514
686,1338.405746459961
687,1490.6885715060764
688,1389.6504448784722
689,1409.3887532552083
690,1523.8838026258682
691,1355.852149963379
692,1417.4494086371528
693,1347.0093383789062
694,1433.4715847439236
695,1515.588134765625
696,1536.8894653320312
697,1453.8828667534722
698,1455.7830268012153
699,1389.5379231770833
700,1397.2496744791667
701,1304.8277282714844
702,1425.8725992838542
703,1297.7891438802083
704,1348.9294297960068
705,1458.072726779514
706,1344.5587768554688
707,1475.7661268446182
708,1468.8325737847222
709,1581.9401312934028
710,1581.9179823133682
711,1602.9032287597656
712,1546.6837972005208
713,1531.5482720269097
714,1668.5163981119792
715,1716.3037516276042
716,1624.983169555664
717,1565.7899034288193
718,1540.7759602864583
719,1513.3190375434028
720,1475.4614800347222
721,1406.5934448242188
722,1498.304714626736
723,1428.2747531467014
724,1447.2057020399307
725,1446.8707682291667
726,1423.3780364990234
727,1506.3373887803818
728,1479.7315266927083
729,1440.8915201822917
730,1460.1029730902778
731,1564.9874572753906
732,1542.6730414496528
733,1428.556613498264
734,1462.601101345486
735,1541.7342122395833
736,1476.523452758789
737,1449.8191596137153
738,1446.417507595486
739,1506.9558512369792
740,1522.8286675347222
741,1580.2886657714844
742,1531.1119927300347
743,1340.575168185764
744,1319.019775390625
745,1293.4043646918403
746,1113.020652770996
747,1184.3657769097222
748,1235.421922471788
749,1251.7952338324653
750,1545.8082546657986
751,1467.8323211669922
752,1460.1459825303818
753,1538.5638020833333
754,1484.7925347222222
755,1592.830322265625
756,1647.2977142333984
757,1422.7461480034722
758,1357.5010850694443
759,1367.2524007161458
760,1378.6529812282986
761,1280.0387420654297
762,1335.6246880425347
763,1225.3813340928818
764,1408.2574869791667
765,1332.9036458333333
766,1266.0940399169922
767,1185.1970621744792
768,1315.0260009765625
769,1196.5333930121528
770,1412.4001057942708
771,1420.1714172363281
772,1440.4045274522568
773,1646.2376708984375
774,1455.3607177734375
775,1448.8873019748264
776,1612.9231872558594
777,1682.9275987413193
778,1529.1186387803818
779,1668.966552734375
780,1795.3879801432292
781,2005.9334106445312
782,2214.3977728949653
783,1998.4194200303818
784,1812.3541531032986
785,1873.3838568793403
786,1927.318588256836
787,1764.5160997178818
788,1597.223388671875
789,1583.3524034288193
790,1512.30419921875
791,1588.0976104736328
792,1294.7006157769097
793,1233.898417154948
794,1238.6644965277778
795,1202.676052517361
796,1250.3791809082031
797,1108.2762247721355
798,1384.5248006184895
799,1519.7057698567708
800,1538.8607449001736
801,1624.822738647461
802,1779.0444471571182
803,1799.3682047526042
804,1656.6783854166667
805,1670.5245225694443
806,1829.8581848144531
807,1522.6387939453125
808,1594.2221544053818
809,1373.332987467448
810,1393.8094482421875
811,1166.1448364257812
812,1114.520975748698
813,1221.694552951389
814,1367.7511121961807
815,1234.444308810764
816,1288.2120208740234
817,1400.5690511067708
818,1519.7698567708333
819,1290.3576253255208
820,1422.6238878038193
821,1378.8895721435547
822,1366.2013481987847
823,1348.2284206814236
824,1215.346896701389
825,1425.0081854926216
826,1259.2818222045898
827,1338.537814670139
828,1399.987033420139
829,1276.014892578125
830,1366.225314670139
831,1416.378890991211
832,1486.80859375
833,1309.9036865234375
834,1259.1905314127605
835,1298.1776258680557
836,1206.3822631835938
837,1063.3858981662327
838,1177.7795817057292
839,1258.9844292534722
840,1219.663323296441
841,1522.229721069336
842,1436.316379123264
843,1625.4821234809028
844,1629.7075330946182
845,1585.4751112196182
846,1575.93017578125
847,1455.3218587239583
848,1427.1409369574653
849,1339.4752604166667
850,1191.3746744791667
851,1130.837501525879
852,1159.1246812608506
853,1170.0274454752605
854,1163.9788275824653
855,1233.0989447699653
856,1142.6456146240234
857,1349.1200086805557
858,1271.4365370008682
859,1216.0859917534722
860,1180.0987820095486
861,1295.5688171386719
862,1325.7385118272568
863,1343.1345757378472
864,1541.1899549696182
865,1484.081787109375
866,1578.5330352783203
867,1565.087619357639
868,1427.5475260416667
869,1523.0081108940972
870,1393.1149088541667
871,1336.8641357421875
872,1498.3757731119792
873,1386.3165351019966
874,1413.2385118272568
875,1281.3662787543403
876,1325.455581665039
877,1241.9300265842014
878,1191.5959337022568
879,1176.7476399739583
880,1202.147956000434
881,1073.7606658935547
882,1185.1922200520833
883,1038.342088487413
884,1051.3700832790798
885,1071.0469428168403
886,1163.538803100586
887,1100.952643500434
888,1110.9611680772568
889,978.63134765625
890,1104.2543809678818
891,1092.691146850586
892,1008.6026000976562
893,1027.1473117404514
894,1070.7550523546006
895,934.5202229817709
896,1103.7345733642578
897,1047.7972344292534
898,1148.8541598849827
899,1239.8533121744792
900,1297.6052585177952
901,1398.918197631836
902,1436.0488416883682
903,1140.5226304796006
904,1103.4080946180557
905,1010.4318644205729
906,1022.7985763549805
907,1031.7895914713542
908,1083.4936116536458
909,1035.4381442599827
910,987.4979858398438
911,1091.0407104492188
912,1140.460686577691
913,1193.4949340820312
914,1150.2552354600693
915,1070.4972601996528
916,920.095573425293
917,1004.2642279730903
918,922.4906480577257
919,1039.7916395399307
920,1140.7877265082466
921,1327.2464752197266
922,1010.2124633789062
923,1001.0708753797743
924,1019.6705593532986
925,910.8303290473091
926,846.3753051757812
927,957.3549058702257
928,771.6526896158854
929,847.8532375759548
930,890.5839775933159
931,796.4708938598633
932,925.7271525065104
933,939.869642469618
934,910.4629584418403
935,1033.367628309462
936,1046.0528411865234
937,961.265625
938,971.9640367296007
939,1045.3304511176216
940,965.5499131944445
941,1125.4603805541992
942,1096.87060546875
943,797.7305772569445
944,887.1084798177084
945,847.8955756293403
946,806.8719253540039
947,762.9352416992188
948,853.8743964301216
949,864.694091796875
950,790.066148546007
951,822.1560859680176
952,840.1823323567709
953,776.6026340060764
954,814.4309488932291
955,750.6296929253472
956,757.016975402832
957,701.6852552625868
958,733.3220757378472
959,718.7189263237847
960,662.9649522569445
961,672.6167984008789
962,660.8827616373698
963,687.1402113172743
964,759.3960910373264
965,789.7459988064236
966,690.8699417114258
967,716.7178751627604
968,672.5203247070312
969,621.9590148925781
970,783.4850260416666
971,833.8788604736328
972,889.6139051649305
973,934.4683702256945
974,834.333251953125
975,959.2699856228298
976,965.2918167114258
977,1029.750969780816
978,833.8643866644966
979,741.8237033420139
980,784.0536634657118
981,774.3343124389648
982,918.7824435763889
983,848.2575276692709
984,967.0922309027778
985,899.1360744900173
986,836.9835968017578
987,751.4451361762153
988,854.8692152235243
989,821.1258070203993
990,811.7498236762153
991,831.8823471069336
992,832.9030151367188
993,661.9984809027778
994,765.5973714192709
995,686.0196634928385
996,734.9106979370117
997,968.0560099283854
998,956.4619683159722
999,1095.2651774088542
1000,1099.609910753038
1001,939.8075485229492
1002,953.0277709960938
1003,911.5360853407118
1004,762.9990709092882
1005,856.6659003363716
1006,795.3944549560547
1007,832.5161675347222
1008,754.9976331922743
1009,705.4578382703993
1010,764.1102023654514
1011,874.2093658447266
1012,822.4842122395834
1013,746.9506157769097
1014,892.8762003580729
1015,890.0413682725695
1016,834.0065841674805
1017,827.4892781575521
1018,857.328857421875
1019,870.9651217990452
1020,924.5168931749132
1021,921.6315307617188
1022,888.1005859375
1023,875.4280192057291
1024,887.8450792100695
1025,943.2228325737847
1026,855.1288452148438
1027,791.4317016601562
1028,917.2958374023438
1029,960.3047553168403
1030,906.0953572591146
1031,855.4587631225586
1032,998.3906995985243
1033,989.7374742296007
1034,946.991468641493
1035,926.8470526801216
1036,869.5587158203125
1037,895.6917792426216
1038,860.0280829535591
1039,900.5138549804688
1040,932.0640665690104
1041,822.321891784668
1042,786.0356140136719
1043,825.4666002061632
1044,811.621839735243
1045,807.6244371202257
1046,759.0537567138672
1047,657.7049357096354
1048,763.4826931423611
1049,723.9828559027778
1050,750.9984707302517
1051,755.7139282226562
1052,809.9778984917534
1053,705.7259419759115
1054,767.0437486436632
1055,786.3180677625868
1056,674.0530738830566
1057,635.7856106228298
1058,667.7231920030382
1059,716.3262736002604
1060,745.5613437228733
1061,579.5227127075195
1062,604.546861436632
1063,629.2920905219185
1064,770.0719740125868
1065,806.8081732855903
1066,944.6729125976562
1067,1039.6573825412327
1068,1028.9388427734375
1069,955.9096137152778
1070,975.968017578125
1071,939.5328369140625
1072,854.1192694769966
1073,989.632310655382
1074,997.4204779730903
1075,916.1846449110243
1076,1034.9541778564453
1077,938.0046929253472
1078,1094.0058254665798
1079,1058.3638509114583
1080,980.7313096788195
1081,864.4518432617188
1082,868.3167588975695
1083,1010.3076375325521
1084,1022.4972737630209
1085,934.6163330078125
1086,1068.1361083984375
1087,1004.2575208875868
1088,881.2641398111979
1089,1039.1476508246528
1090,896.2997233072916
1091,935.0659027099609
1092,893.3421156141493
1093,901.5714043511284
1094,855.8236016167534
1095,816.3150092230903
1096,888.7913360595703
1097,982.5733506944445
1098,939.8375718858507
1099,851.3103773328993
1100,932.2249416775173
1101,917.6762619018555
1102,985.8047688802084
1103,1043.6312730577256
1104,925.4715779622396
1105,919.2173326280382
1106,908.1301498413086
1107,918.3475138346354
1108,750.3089260525173
1109,726.0524156358507
1110,728.2111884223091
1111,823.4796524047852
1112,858.2603556315104
1113,865.9692314995659
1114,909.9169514973959
1115,911.1188557942709
1116,867.0331649780273
1117,893.8261379665798
1118,756.0718655056423
1119,742.7595553927952
1120,1027.0882839626736
1121,1113.1400451660156
1122,1114.218485514323
1123,1129.370632595486
1124,1149.3525933159722
1125,955.0992838541666
1126,894.6103134155273
1127,995.8451741536459
1128,934.4788004557291
1129,968.9623684353298
1130,883.6059095594618
1131,933.9959182739258
1132,1124.9234483506943
1133,1089.3110758463542
1134,1177.133836534288
1135,1122.293965657552
1136,995.5132904052734
1137,900.0192938910591
1138,912.8248562282986
1139,1054.0255126953125
1140,998.9341091579861
1141,1044.2436141967773
1142,922.7105305989584
1143,1117.6349148220486
1144,986.1657511393229
1145,1072.5788235134548
1146,982.9117279052734
1147,866.0065578884548
1148,905.7865464952257
1149,978.1362847222222
1150,943.995863172743
1151,1041.445198059082
1152,907.4830932617188
1153,916.1539442274305
1154,882.7232903374565
1155,890.6147935655382
1156,932.8367080688477
1157,1023.8600260416666
1158,1071.5433892144097
1159,1153.116163465712
1160,1027.4504055447048
1161,1031.1969146728516
1162,1036.0802883572048
1163,804.4319593641493
1164,809.6547444661459
1165,779.1255764431423
1166,743.5287246704102
1167,875.5412394205729
1168,1044.9529690212673
1169,979.2201673719618
1170,1122.9332750108506
1171,1127.486572265625
1172,1011.5937771267361
1173,994.5105794270834
1174,1003.7389729817709
1175,1006.400621202257
1176,966.3865661621094
1177,961.5774197048611
1178,933.8858032226562
1179,994.1794772677952
1180,1024.0389336480034
1181,1156.185775756836
1182,1185.2972819010417
1183,1154.61669921875
1184,1014.9646199544271
1185,875.3077189127604
1186,941.3825378417969
1187,832.1998019748264
1188,905.778795030382
1189,1008.4619479709202
1190,1027.550340440538
1191,903.9883728027344
1192,1072.926052517361
1193,931.0247328016493
1194,974.5010918511284
1195,1025.6390584309895
1196,1005.3427810668945
1197,965.9899970160591
1198,1113.7182210286458
1199,927.1495429144966
1200,1043.4869045681423
1201,1127.052604675293
1202,1013.4634467230903
1203,985.115220811632
1204,875.3288845486111
1205,932.7692057291666
1206,783.0214195251465
1207,939.2986178927952
1208,1069.2108018663193
1209,991.5152791341146
1210,964.3899468315972
1211,1163.947525024414
1212,940.0209011501736
1213,948.8501654730903
1214,1081.275926378038
1215,1071.0101047092014
1216,1032.439811706543
1217,1024.0429348415798
1218,1075.9906616210938
1219,947.6156412760416
1220,1045.1264038085938
1221,841.5858764648438
1222,940.8519422743055
1223,888.3851860894097
1224,962.4027845594618
1225,991.7282782660591
1226,987.8041229248047
1227,925.4295586480034
1228,870.0033162434896
1229,845.2991468641493
1230,858.9674886067709
1231,806.591438293457
1232,918.1742011176216
1233,857.4882405598959
1234,926.2980007595486
1235,794.9509480794271
1236,778.1086730957031
1237,836.4958021375868
1238,816.1458536783854
1239,952.2464531792534
1240,1028.9127332899307
1241,908.9420547485352
1242,943.9433119032118
1243,842.3607245551216
1244,834.8933376736111
1245,770.2431165907118
1246,917.4167404174805
1247,873.0962863498264
1248,873.0932345920139
1249,949.6691284179688
1250,919.9090779622396
1251,798.7682723999023
1252,735.8865898980034
1253,662.5248819986979
1254,668.3580661349827
1255,658.8275519476997
1256,649.0773315429688
1257,658.8468017578125
1258,686.4841986762153
1259,744.244384765625
1260,599.8754611545139
1261,664.2291488647461
1262,733.7988959418403
1263,796.9319593641493
1264,805.6412217881945
1265,824.5439385308159
1266,742.6389923095703
1267,747.0851982964409
1268,762.1187201605903
1269,788.4270290798611
1270,807.2917005750868
1271,889.9364624023438
1272,776.2176920572916
1273,804.9768134223091
1274,758.3835788302952
1275,710.1567654079861
1276,845.6498794555664
1277,881.418931749132
1278,857.2039659288195
1279,748.2807345920139
1280,848.3312649197048
1281,683.0034255981445
1282,683.0578816731771
1283,655.586412217882
1284,761.3299831814236
1285,784.9282904730903
1286,769.709098815918
1287,839.1497802734375
1288,1025.854268391927
1289,961.8960503472222
1290,960.9430541992188
1291,1239.5737380981445
1292,1165.587158203125
1293,1236.3858981662327
1294,1141.40576171875
1295,1126.1336195203994
1296,1057.6835403442383
1297,1053.6703152126736
1298,992.5730183919271
1299,976.2837931315104
1300,933.5117797851562
1301,1051.3327255249023
1302,1007.4325086805555
1303,1130.5507676866318
1304,1242.5787624782986
1305,1177.3180202907986
1306,983.9728775024414
1307,1149.3390299479167
1308,1014.419189453125
1309,1071.474582248264
1310,978.2125786675347
1311,863.0951919555664
1312,829.0738728841146
1313,838.1979641384548
1314,803.732421875
1315,713.2964511447483
1316,888.8181228637695
1317,942.3767293294271
1318,905.9734225802952
1319,953.2191975911459
1320,820.7096082899305
1321,807.5469055175781
1322,963.2215440538195
1323,912.0237019856771
1324,948.3075764973959
1325,1067.9579196506077
1326,1057.1078872680664
1327,1137.177727593316
1328,1308.4600965711807
1329,1193.3373209635417
1330,1154.749728732639
1331,1009.6067047119141
1332,1012.6148139105903
1333,882.7298583984375
1334,884.2128974066841
1335,1141.2853190104167
1336,1192.0376358032227
1337,1044.0302395290798
1338,1092.8851860894097
1339,1053.2164577907986
1340,1014.9027642144097
1341,1014.5436706542969
1342,1012.3607991536459
1343,1100.359327528212
1344,1218.9053412543403
1345,1143.2125718858506
1346,1178.9689483642578
1347,1150.053005642361
1348,1340.5909695095486
1349,1304.0537245008682
1350,1304.6720852322048
1351,1147.9135971069336
1352,1235.4784817165798
1353,1298.666015625
1354,1156.0778469509548
1355,1132.8416341145833
1356,1001.983528137207
1357,1156.0079413519966
1358,1385.8062337239583
1359,1311.6359185112847
1360,1538.0085313585068
1361,1658.9671173095703
1362,1567.5118815104167
1363,1512.8484971788193
1364,1326.3673909505208
1365,1014.1836615668403
1366,1036.271614074707
1367,1028.7538248697917
1368,1100.7697211371528
1369,1060.4432169596355
1370,1135.7176784939236
1371,1145.7816696166992
1372,1061.2338460286458
1373,1139.086697048611
1374,1056.4058905707466
1375,888.8762885199653
1376,942.0799713134766
1377,1111.5198092990452
1378,1130.5970798068577
1379,1183.3013780381943
1380,1208.4373372395833
1381,1103.6270751953125
1382,1131.7071465386284
1383,1188.1483222113716
1384,1149.045159233941
1385,1165.4618462456597
1386,1085.3962478637695
1387,1031.2428521050347
1388,1004.9759250217014
1389,1065.9590454101562
1390,1084.2764756944443
1391,1117.7361297607422
1392,1040.7377387152778
1393,1019.3526814778646
1394,1132.1747639973958
1395,1147.649217393663
1396,1340.3659210205078
1397,1165.7034844292534
1398,1115.5698581271702
1399,1062.9209323459202
1400,1126.902072482639
1401,939.3586730957031
1402,1057.0233154296875
1403,944.2398139105903
1404,882.3105536566841
1405,926.1517673068577
1406,920.0588912963867
1407,1034.1488647460938
1408,1147.0767144097222
1409,1055.6511366102432
1410,1162.5534328884548
1411,1177.5862503051758
1412,1259.7845933702256
1413,1061.8283081054688
1414,1138.6355590820312
1415,1011.0404188368055
1416,908.5226364135742
1417,869.847642686632
1418,1058.8463202582466
1419,972.2330661349827
1420,999.0921902126736
1421,1047.3912506103516
1422,1154.4344482421875
1423,1010.6396009657118
1424,850.1431613498264
1425,854.6193305121528
1426,954.0968856811523
1427,1017.4063924153646
1428,898.8536851671007
1429,842.3916490342882
1430,924.0754191080729
1431,861.2955474853516
1432,851.6764865451389
1433,716.7007378472222
1434,764.5166829427084
1435,773.2855699327257
1436,819.0181274414062
1437,924.8230726453993
1438,1107.1065741644966
1439,1051.1026340060764
1440,883.9020182291666
1441,814.3611373901367
1442,720.5850219726562
1443,712.2789916992188
1444,818.7178887261284
1445,820.6203884548611
1446,824.8722114562988
1447,824.2428656684028
1448,659.6023593478733
1449,656.5866902669271
1450,715.0484212239584
1451,702.3749237060547
1452,844.4070298936632
1453,732.5458272298177
1454,874.2959459092882
1455,790.1142171223959
1456,847.6934356689453
1457,772.7183091905382
1458,743.6686401367188
1459,750.8803371853298
1460,835.3358696831597
1461,863.0928268432617
1462,816.2503933376736
1463,791.189673529731
1464,879.3140597873264
1465,775.2265625
1466,861.5727157592773
1467,918.944580078125
1468,847.2078857421875
1469,878.2869398328993
1470,934.0855780707466
1471,920.4292602539062
1472,1045.153557671441
1473,927.7326185438368
1474,938.1755845811632
1475,910.5521579318577
1476,847.336799621582
1477,839.5003390842014
1478,908.3886176215278
1479,945.7382609049479
1480,830.3988376193577
1481,917.9123077392578
1482,1021.4472384982639
1483,1052.7794528537327
1484,1053.019504123264
1485,896.5414089626736
1486,887.2365112304688
1487,930.3672281901041
1488,964.7732340494791
1489,929.587646484375
1490,1048.766798231337
1491,929.556640625
1492,893.4043036566841
1493,850.7663167317709
1494,757.8726060655382
1495,828.1922743055555
1496,786.4881134033203
1497,766.4623006184896
1498,804.0311618381077
1499,786.1036987304688
1500,845.0882432725695
1501,723.6512680053711
1502,869.6981133355034
1503,1055.5771077473958
1504,1118.4754909939236
1505,1362.3504706488716
1506,1375.0378875732422
1507,1420.432590060764
1508,1262.9591878255208
1509,1145.9292670355903
1510,1154.7394137912327
1511,882.2080383300781
1512,883.1760457356771
1513,815.6525607638889
1514,825.520250108507
1515,729.9605204264323
1516,863.8016510009766
1517,985.2125651041666
1518,859.2234564887153
1519,857.2077162000868
1520,872.1567450629341
1521,886.6482162475586
1522,822.8299085828993
1523,808.0408257378472
1524,943.8812662760416
1525,1013.9291381835938
1526,1173.562873840332
1527,1122.5484958224827
1528,1013.9808349609375
1529,1095.801493326823
1530,1036.2849663628472
1531,909.7102813720703
1532,809.4112277560764
1533,801.4614935980903
1534,832.6262139214409
1535,686.456288655599
1536,722.2429389953613
1537,860.4486151801216
1538,923.7598402235243
1539,861.8805541992188
1540,906.4816080729166
1541,866.0585098266602
1542,801.0699327256945
1543,761.3122931586372
1544,911.4517347547743
1545,788.8810153537327
1546,791.1724472045898
1547,779.8482801649305
1548,931.6575588650173
1549,794.0917290581597
1550,809.5552910698784
1551,887.2313461303711
1552,876.7646009657118
1553,967.1591729058159
1554,1002.2571411132812
1555,868.2698228624132
1556,895.329719543457
1557,966.7253960503472
1558,827.638685438368
1559,865.1931694878472
1560,928.5343831380209
1561,1053.9687805175781
1562,808.1031833224827
1563,828.1422729492188
1564,893.6599460177952
1565,873.9474487304688
1566,977.8135147094727
1567,1094.5350070529514
1568,1049.5096028645833
1569,1046.6385837131077
1570,1022.6595933702257
1571,1080.8880157470703
1572,1090.0624389648438
1573,995.0262654622396
1574,999.1104193793403
1575,967.3053724500868
1576,785.7430419921875
1577,779.0237019856771
1578,895.1408420138889
1579,725.2466362847222
1580,807.9484117296007
1581,889.1219329833984
1582,832.7481689453125
1583,850.8506469726562
1584,892.4166531032986
1585,1007.7591349283854
1586,796.4682312011719
1587,986.1614583333334
1588,1134.4724663628472
1589,843.0751681857639
1590,796.522203233507
1591,799.3274917602539
1592,1029.8932088216145
1593,961.0121188693577
1594,1327.5776502821182
1595,1212.2370266384548
1596,1225.7725296020508
1597,1104.81689453125
1598,1074.8636406792534
1599,1139.4494967990452
1600,1143.114990234375
1601,1164.9225845336914
1602,968.5072564019097
1603,1052.6108940972222
1604,1046.3809271918403
1605,1016.642103407118
1606,960.3751220703125
1607,875.4049411349827
1608,755.9909057617188
1609,641.0782945421007
1610,822.1793755425347
1611,691.7197341918945
1612,754.1253255208334
1613,698.2557237413195
1614,830.1700710720486
1615,741.9440104166666
1616,779.0011291503906
1617,809.8433159722222
1618,922.3873155381945
1619,985.6595391167534
1620,1010.187730577257
1621,965.6120910644531
1622,833.0641886393229
1623,895.6961127387153
1624,907.1673651801216
1625,1001.7291463216146
1626,920.516471862793
1627,1001.1057332356771
1628,857.6315104166666
1629,860.2940334743923
1630,832.0723063151041
1631,878.7745666503906
1632,896.5036282009548
1633,987.7748955620659
1634,919.2529907226562
1635,971.6174248589409
1636,1034.0217971801758
1637,977.7857801649305
1638,996.9568074544271
1639,982.5619032118055
1640,968.7303534613716
1641,942.1010589599609
1642,1008.0767822265625
1643,1010.1043023003472
1644,838.5236748589409
1645,855.6502210828993
1646,826.5836715698242
1647,760.7444525824653
1648,620.0787116156685
1649,827.5735541449653
1650,722.45458984375
1651,746.491096496582
1652,758.8638441297743
1653,810.5408799913195
1654,814.7946709526909
1655,785.1880696614584
1656,754.189208984375
1657,927.4732462565104
1658,989.9356553819445
1659,926.6363661024305
1660,794.0088500976562
1661,670.1850128173828
1662,761.8697984483507
1663,791.398206922743
1664,816.4804619683159
1665,821.157728407118
1666,810.9611206054688
1667,861.1460435655382
1668,830.0358615451389
1669,882.1251152886284
1670,757.2298923068577
1671,797.4492492675781
1672,706.1896701388889
1673,681.7298923068577
1674,692.6152615017361
1675,818.8078002929688
1676,786.4980850219727
1677,792.2251519097222
1678,863.1234469943577
1679,754.5940755208334
1680,770.4585503472222
1681,763.1893692016602
1682,705.8979153103298
1683,792.4123060438368
1684,857.6882256401909
1685,1026.9603949652778
1686,826.2684478759766
1687,780.0299716525608
1688,861.2516140407986
1689,814.1515401204427
1690,745.7452935112847
1691,639.5207786560059
1692,683.1728922526041
1693,706.1891615125868
1694,922.0657891167534
1695,746.297865125868
1696,699.1044845581055
1697,710.3008694118923
1698,772.1292521158854
1699,871.0992363823784
1700,1061.0858764648438
1701,887.213737487793
1702,911.3441365559896
1703,791.2565104166666
1704,665.8619520399305
1705,603.6808166503906
1706,654.5034637451172
1707,622.7399495442709
1708,665.688734266493
1709,706.7585110134548
1710,672.626478407118
1711,729.4409484863281
1712,721.2559950086805
1713,717.3727756076389
1714,685.0890706380209
1715,593.7558288574219
1716,659.6276817321777
1717,563.1314629448784
1718,621.9368930392795
1719,640.0505744086372
1720,633.3385450575087
1721,672.213249206543
1722,868.4464518229166
1723,851.7914293077257
1724,761.2984280056423
1725,762.5856391059028
1726,786.6479110717773
1727,592.4392496744791
1728,537.0519443088108
1729,653.3585984971788
1730,729.6834750705295
1731,745.1602325439453
1732,824.4236585828993
1733,785.178209092882
1734,835.7662455240885
1735,730.0328165690104
1736,802.1399536132812
1737,735.7858039008247
1738,726.0546603732639
1739,676.0593939887153
1740,577.7410651312935
1741,570.1447944641113
1742,582.5596143934462
1743,549.6947903103298
1744,600.5440775553385
1745,532.5440402560764
1746,767.81982421875
1747,707.7745022243923
1748,764.3745863172743
1749,677.6995985243055
1750,691.3477240668403
1751,598.5083084106445
1752,546.6985982259115
1753,644.8689371744791
1754,620.0616658528646
1755,610.9346550835503
1756,644.5399551391602
1757,585.366478814019
1758,539.2901204427084
1759,564.3592902289497
1760,460.2448425292969
1761,600.492073059082
1762,649.750745985243
1763,676.8418816460503
1764,723.3486022949219
1765,706.7667914496528
1766,621.9717254638672
1767,498.96747504340277
1768,589.8097059461805
1769,601.3181627061632
1770,632.9603644476997
1771,511.089599609375
1772,595.6894599066841
1773,541.3461642795139
1774,575.6011250813802
1775,537.643788655599
1776,573.7738494873047
1777,507.02721828884546
1778,574.5597059461805
1779,494.1183166503906
1780,604.3068915473091
1781,636.3571929931641
1782,622.2347276475695
1783,638.3808865017361
1784,667.3392130533854
1785,617.3633999294705
1786,645.8104286193848
1787,633.9268256293403
1788,812.1297471788195
1789,801.9348551432291
1790,766.5957845052084
1791,803.7184143066406
1792,875.6790771484375
1793,626.812252468533
1794,835.4343058268229
1795,978.9834594726562
1796,963.5790023803711
1797,770.7628885904948
1798,979.0013766818577
1799,874.4775119357639
1800,825.26171875
1801,802.5276107788086
1802,774.9508361816406
1803,766.7171902126736
1804,710.5011528862847
1805,744.1534762912327
1806,816.9702835083008
1807,787.4818318684896
1808,704.796142578125
1809,654.8219875759548
1810,743.4258422851562
1811,606.689037322998
1812,606.4986538357205
1813,732.3201497395834
1814,640.6673448350695
1815,584.6757100423177
1816,427.8523120880127
1817,481.88399929470484
1818,507.89510769314234
1819,457.72638617621527
1820,608.7571818033854
1821,666.8465194702148
1822,643.6786532931858
1823,689.2574768066406
1824,695.804928249783
1825,657.3681810167101
1826,574.4883880615234
1827,592.3491414388021
1828,537.762464735243
1829,460.03763156467016
1830,517.6836886935764
1831,613.7604751586914
1832,502.1563551161024
1833,590.3426649305555
1834,673.6334228515625
1835,757.5510864257812
1836,789.6812057495117
1837,735.0244750976562
1838,622.8030904134115
1839,519.120093451606
1840,545.5300733778212
1841,454.56995010375977
1842,446.8680436876085
1843,493.4194810655382
1844,396.83154635959204
1845,464.8791910807292
1846,395.15352630615234
1847,404.4405449761285
1848,364.49320814344617
1849,336.68603515625
1850,460.77306111653644
1851,475.00286865234375
1852,747.4099053276909
1853,611.1508314344618
1854,708.1473897298177
1855,849.4197658962673
1856,737.3442459106445
1857,483.8324924045139
1858,490.19079928927954
1859,472.6293368869358
1860,608.4798617892795
1861,496.388858795166
1862,479.8233947753906
1863,576.8717346191406
1864,575.5839267306858
1865,485.0033264160156
1866,489.99386978149414
1867,419.6535288492839
1868,542.8982204861111
1869,457.88097805447046
1870,483.720452202691
1871,506.6464500427246
1872,473.10438368055554
1873,480.6572774251302
1874,420.1337161593967
1875,616.262183295356
1876,476.8364143371582
1877,524.9106513129341
1878,501.8385077582465
1879,469.2420586480035
1880,429.7793918185764
1881,471.35941886901855
1882,416.35269843207465
1883,380.8983222113715
1884,447.4364522298177
1885,401.34830390082465
1886,396.4604606628418
1887,432.5140550401476
1888,386.91011216905383
1889,414.62068854437933
1890,368.918451944987
1891,325.08057594299316
1892,373.8213195800781
1893,430.29803466796875
1894,391.0903845893012
1895,501.9201931423611
1896,399.3543224334717
1897,501.4057888454861
1898,440.85848151312933
1899,479.95325724283856
1900,424.92314995659723
1901,454.9127998352051
1902,505.12276543511285
1903,522.7902001274956
1904,461.7551099989149
1905,451.48927815755206
1906,440.6641845703125
1907,436.4164089626736
1908,423.32215372721356
1909,431.09880913628473
1910,526.1390991210938
1911,577.1806373596191
1912,425.59422810872394
1913,493.0351291232639
1914,496.02002292209204
1915,377.34594387478296
1916,518.4820938110352
1917,477.57835557725696
1918,500.2496100531684
1919,503.47751871744794
1920,612.8200276692709
1921,587.1483154296875
1922,560.514645046658
1923,558.5382927788628
1924,661.9859619140625
1925,753.9380086263021
1926,626.1206893920898
1927,613.7283782958984
1928,717.0897589789497
1929,563.5161607530382
1930,547.9898444281685
1931,642.2245750427246
1932,681.989013671875
1933,571.6146579318577
1934,624.6853332519531
1935,473.41764662000867
1936,459.74412536621094
1937,430.48834906684027
1938,395.6117994520399
1939,452.52786933051215
1940,671.1695827907986
1941,636.4500312805176
1942,503.6666971842448
1943,691.1378241644966
1944,477.32996961805554
1945,437.64117431640625
1946,385.0816650390625
1947,392.36387125651044
1948,352.77332560221356
1949,323.0042148166233
1950,401.9585673014323
1951,340.54028129577637
1952,361.27582295735675
1953,445.3614145914714
1954,386.74817911783856
1955,573.561781141493
1956,639.5888633728027
1957,735.734364827474
1958,768.2692125108507
1959,698.3875461154514
1960,668.344479031033
1961,612.0745544433594
1962,543.8571946885851
1963,637.2400105794271
1964,635.2816467285156
1965,727.010009765625
1966,638.994327545166
1967,676.7609117296007
1968,654.1649305555555
1969,716.4484185112847
1970,660.146497938368
1971,583.3361206054688
1972,770.2796359592014
1973,771.2741156684028
1974,757.0328097873264
1975,671.129408094618
1976,732.8349685668945
1977,750.6378275553385
1978,775.6690436469185
1979,774.9030151367188
1980,769.2420315212673
1981,782.6497802734375
1982,645.6160685221354
1983,584.4390292697483
1984,543.9032321506077
1985,573.9212239583334
1986,529.6636810302734
1987,632.8043178982205
1988,635.4005330403646
1989,686.9851955837673
1990,776.2413601345486
1991,646.1475677490234
1992,552.0370178222656
1993,642.1172654893663
1994,639.6837463378906
1995,541.8726942274305
1996,602.4165420532227
1997,761.7178378634983
1998,739.4779324001736
1999,684.943349202474
2000,637.9930013020834
2001,614.2574348449707
2002,627.8797166612413
2003,606.3502739800347
2004,650.841322157118
2005,611.8391554090712
2006,468.03696632385254
2007,498.6309305826823
2008,590.8846130371094
2009,618.6199069552952
2010,787.4998236762153
2011,759.0439872741699
2012,816.3084648980034
2013,742.6312934027778
2014,519.4837748209635
2015,518.9846767849392
2016,465.3615188598633
2017,522.9471808539497
2018,721.739722357856
2019,838.8874070909288
2020,722.9371202256945
2021,860.9655914306641
2022,815.8980984157986
2023,733.8888956705729
2024,676.4552815755209
2025,619.8366427951389
2026,644.2674522399902
2027,740.4427693684896
2028,853.8926798502604
2029,901.3161892361111
2030,988.0762057834202
2031,844.5696258544922
2032,861.7367146809896
2033,772.4937133789062
2034,752.6976589626736
2035,707.0499064127604
2036,708.7903518676758
2037,721.436537000868
2038,705.4104342990452
2039,697.5342542860243
2040,810.7266710069445
2041,640.5827484130859
2042,699.9572279188368
2043,764.2122463650173
2044,982.4083997938368
2045,844.3918863932291
2046,784.5575637817383
2047,780.8828464084202
2048,681.8888753255209
2049,648.5695190429688
2050,674.0225423177084
2051,737.8286361694336
2052,713.6816880967882
2053,730.4645657009548
2054,720.584459092882
2055,856.9051242404514
2056,935.7464828491211
2057,803.7760077582466
2058,750.2912529839409
2059,738.5908474392361
2060,643.683827718099
2061,666.6684417724609
2062,550.0600653754341
2063,554.7556321885851
2064,481.66012234157984
2065,475.84290907118054
2066,420.5498237609863
2067,465.60951741536456
2068,487.50590345594617
2069,576.5723876953125
2070,676.3043687608507
2071,677.1785621643066
2072,717.9955240885416
2073,792.7122463650173
2074,642.2780965169271
2075,599.3213094075521
2076,662.5483322143555
2077,534.5522257486979
2078,524.5574917263455
2079,403.7615051269531
2080,444.1167924669054
2081,358.3843307495117
2082,399.8089294433594
2083,438.79012722439234
2084,585.0649583604601
2085,527.430650499132
2086,543.8207054138184
2087,522.5909695095486
2088,477.5299987792969
2089,810.2887776692709
2090,629.1625094943577
2091,582.2419204711914
2092,582.292734781901
2093,694.0829603407118
2094,420.6650746663411
2095,423.9835679796007
2096,357.235897064209
2097,474.4449530707465
2098,420.45973714192706
2099,524.4706488715278
2100,530.8375006781685
2101,485.4504165649414
2102,441.38182237413196
2103,500.1408386230469
2104,480.54027981228296
2105,481.15336439344617
2106,457.33123779296875
2107,613.734632703993
2108,634.6282314724392
2109,690.0370686848959
2110,665.9765692816841
2111,656.2789001464844
2112,693.3240627712673
2113,668.5953708224827
2114,572.1365254720052
2115,530.842051188151
2116,641.5406074523926
2117,705.6443990071615
2118,808.0772806803385
2119,712.1059841579861
2120,705.6979709201389
2121,707.1630363464355
2122,602.8523356119791
2123,681.0653279622396
2124,687.9453328450521
2125,831.9159071180555
2126,802.0888671875
2127,784.3720703125
2128,579.4143405490452
2129,521.095679389106
2130,437.53148057725696
2131,424.9514961242676
2132,469.5537685818142
2133,455.4605543348524
2134,371.9260965983073
2135,433.4176296657986
2136,674.0564193725586
2137,746.0946756998698
2138,734.8933512369791
2139,708.082994249132
2140,813.4219631618923
2141,577.040584564209
2142,485.1658020019531
2143,500.70701768663196
2144,537.6151258680555
2145,562.4518364800347
2146,640.8939361572266
2147,560.019554985894
2148,606.606224907769
2149,599.0594278971354
2150,540.2358805338541
2151,493.1234436035156
2152,522.6584811740452
2153,595.2685885959202
2154,568.341284857856
2155,631.9697977701823
2156,840.4740982055664
2157,663.8274637858073
2158,722.24951171875
2159,725.012193467882
2160,576.5859714084202
2161,441.62195587158203
2162,388.4561191134983
2163,407.18993801540796
2164,453.5288730197483
2165,458.2494405110677
2166,474.4753227233887
2167,444.3515930175781
2168,481.4963785807292
2169,573.0922444661459
2170,523.592308892144
2171,533.7590484619141
2172,579.3684251573351
2173,638.7522989908854
2174,549.2483995225695
2175,516.8395182291666
2176,553.9459991455078
2177,496.08304511176215
2178,489.3992614746094
2179,426.10415988498266
2180,436.6062418619792
2181,578.2832183837891
2182,643.255103217231
2183,631.274898952908
2184,631.7347988552517
2185,786.4491611056858
2186,538.6699752807617
2187,650.3695203993055
2188,681.1642320421007
2189,495.7260911729601
2190,481.80748494466144
2191,430.54919815063477
2192,504.4113294813368
2193,438.2785356309679
2194,451.5841979980469
2195,443.30864800347223
2196,422.3085594177246
2197,457.0135328504774
2198,400.5166422526042
2199,513.2468804253472
2200,499.4146491156684
2201,571.9702224731445
2202,613.7452460394966
2203,524.7649943033854
2204,402.5369601779514
2205,379.3727383083767
2206,344.96046447753906
2207,271.62591383192273
2208,309.6280348036024
2209,231.76517910427518
2210,372.6373697916667
2211,501.59375
2212,562.8618604871962
2213,608.0178697374132
2214,671.0493910047743
2215,922.107923719618
2216,696.280330657959
2217,791.8510267469618
2218,841.3126491970486
2219,673.5164659288195
2220,532.1380615234375
2221,404.77226638793945
2222,409.4259202745226
2223,463.0203925238715
2224,555.0592312282986
2225,472.7330830891927
2226,549.0531005859375
2227,696.6448499891493
2228,628.1049058702257
2229,547.9893663194445
2230,508.12192789713544
2231,447.0449562072754
2232,387.0563388400608
2233,378.4796549479167
2234,426.69337293836804
2235,594.6896158854166
2236,529.0686492919922
2237,606.7626342773438
2238,687.3626030815972
2239,763.060533311632
2240,749.0267062717014
2241,731.4048843383789
2242,797.8353203667534
2243,704.8662448459202
2244,608.4803738064236
2245,618.8604024251302
2246,548.4726409912109
2247,603.256106906467
2248,530.1345418294271
2249,473.13543701171875
2250,487.98311021592883
2251,541.333740234375
2252,321.3012186686198
2253,335.8964131673177
2254,338.47804090711804
2255,304.01607089572485
2256,279.28784370422363
2257,362.0270351833767
2258,322.4766337076823
2259,454.75500827365454
2260,424.50124104817706
2261,375.7159881591797
2262,389.05221218532984
2263,370.9780036078559
2264,447.97984483506946
2265,448.8457743326823
2266,537.5833549499512
2267,489.13467746310766
2268,503.5196601019965
2269,480.3399488661024
2270,396.0797763400608
2271,372.90949630737305
2272,394.29735989040796
2273,332.53382873535156
2274,297.79389105902777
2275,270.3613043891059
2276,301.0710391998291
2277,452.30641682942706
2278,495.31557210286456
2279,619.9331936306423
2280,791.6920844184028
2281,690.3388595581055
2282,766.6300048828125
2283,746.5992668999565
2284,669.1629163953993
2285,589.271263970269
2286,536.5855674743652
2287,435.97870551215277
2288,538.167978922526
2289,533.8211602105034
2290,470.5030687120226
2291,520.746753692627
2292,651.6128268771702
2293,574.3458896213108
2294,593.814693874783
2295,652.4169989691841
2296,724.0056686401367
2297,793.0666775173611
2298,645.9842427571615
2299,741.4342414008247
2300,706.8888617621528
2301,766.6912689208984
2302,633.7703857421875
2303,541.4524264865452
2304,535.2336730957031
2305,565.8939887152778
2306,533.5338363647461
2307,552.8275824652778
2308,567.9484083387587
2309,489.59705607096356
2310,532.1779106987847
2311,444.5921173095703
2312,411.45313517252606
2313,378.4526536729601
2314,363.2095235188802
2315,403.35506523980035
2316,488.0023078918457
2317,449.13454182942706
2318,413.8749355740017
2319,550.0937228732639
2320,562.8746168348524
2321,433.7595558166504
2322,495.98285590277777
2323,439.16471015082465
2324,504.6053941514757
2325,364.49520534939234
2326,371.58469581604004
2327,390.30335489908856
2328,320.9530385335286
2329,405.72572835286456
2330,385.08790418836804
2331,341.1444320678711
2332,286.38313632541235
2333,311.792485555013
2334,320.3968098958333
2335,279.39474317762586
2336,249.6682834625244
2337,336.9106682671441
2338,353.3004625108507
2339,452.3214179144965
2340,414.80011664496527
2341,400.22249603271484
2342,497.20596991644965
2343,493.9784240722656
2344,433.19908311631946
2345,429.8381076388889
2346,553.303524017334
2347,487.70377265082465
2348,575.204613579644
2349,657.7340359157986
2350,816.1061096191406
2351,745.7261772155762
2352,748.5839640299479
2353,675.2510240342882
2354,680.0766872829861
2355,641.7598707411024
2356,619.1402816772461
2357,723.0762261284722
2358,747.0389641655815
2359,828.2800021701389
2360,879.2896118164062
2361,683.4004211425781
2362,539.1961229112413
2363,537.4082980685764
2364,473.9778238932292
2365,416.8132154676649
2366,492.783634185791
2367,551.6886901855469
2368,452.0700039333767
2369,470.9392903645833
2370,466.9576890733507
2371,656.4976119995117
2372,619.5637851291233
2373,696.4464586046007
2374,755.868882921007
2375,828.0751953125
2376,671.5236206054688
2377,626.499745686849
2378,650.2431640625
2379,507.38408745659723
2380,544.4554714626736
2381,540.5003547668457
2382,625.5952487521702
2383,793.3926255967882
2384,665.2569953070747
2385,1112.394822862413
2386,723.5924682617188
2387,727.3916286892361
2388,613.9022488064236
2389,679.2014092339409
2390,676.5068020290798
2391,634.9378814697266
2392,540.2740105523003
2393,616.164805094401
2394,817.2339477539062
2395,790.4546644422743
2396,690.5617828369141
2397,725.5764499240452
2398,763.6995917426216
2399,735.885996500651
2400,616.496324327257
2401,600.713062286377
2402,600.1021728515625
2403,578.1421067979601
2404,487.98102484809027
2405,514.4827609592014
2406,520.6324348449707
2407,571.4314676920573
2408,649.2589959038628
2409,607.6878153483073
2410,571.811021592882
2411,555.493579864502
2412,604.8052198621962
2413,684.9631279839409
2414,652.3521389431423
2415,751.5556233723959
2416,523.6950416564941
2417,572.3064032660591
2418,453.18968709309894
2419,403.28460693359375
2420,444.8180982801649
2421,466.6399383544922
2422,589.3334147135416
2423,600.4371032714844
2424,591.6383192274305
2425,664.6887681749132
2426,594.6659393310547
2427,584.9465128580729
2428,505.76661173502606
2429,473.20422024197046
2430,518.0060390896267
2431,538.0062713623047
2432,539.8418273925781
2433,635.9516771104601
2434,804.2091979980469
2435,997.9032796223959
2436,1036.0159149169922
2437,816.2034708658854
2438,851.5281846788195
2439,760.6016642252604
2440,781.9977620442709
2441,684.6344985961914
2442,610.4459025065104
2443,769.5726793077257
2444,706.1457044813368
2445,779.8153042263455
2446,915.0395584106445
2447,648.097876654731
2448,604.3003641764323
2449,568.2697482638889
2450,510.6014472113715
2451,528.3088035583496
2452,560.2102457682291
2453,608.9865078396267
2454,720.1227620442709
2455,768.0259874131945
2456,907.1138458251953
2457,945.9764879014757
2458,931.6388753255209
2459,778.197021484375
2460,607.2005988226997
2461,684.3814163208008
2462,639.7027011447483
2463,762.3360799153646
2464,650.5116170247396
2465,633.005862765842
2466,652.1883201599121
2467,595.0743069118923
2468,571.8683810763889
2469,764.7135009765625
2470,667.9880981445312
2471,609.7812118530273
2472,574.5732150607639
2473,700.0291815863716
2474,600.6619228786892
2475,775.941908094618
2476,832.3953018188477
2477,974.9166870117188
2478,863.8111300998264
2479,1144.4595608181423
2480,976.4049004448784
2481,850.7223892211914
2482,815.2412719726562
2483,711.3654378255209
2484,676.8637525770399
2485,581.8063897026909
2486,573.5459289550781
2487,606.3974405924479
2488,721.7362263997396
2489,565.6382412380642
2490,648.3523796929253
2491,648.9542083740234
2492,662.4083014594185
2493,662.7015719943577
2494,797.7076822916666
2495,755.8688354492188
2496,682.4859580993652
2497,667.4943169487847
2498,637.2944878472222
2499,753.0099080403646
2500,1030.6385294596355
2501,737.2057342529297
2502,938.3952568901909
2503,724.3422919379341
2504,721.5016411675347
2505,649.5269165039062
2506,721.7873191833496
2507,623.7808363172743
2508,660.9114447699653
2509,519.2012023925781
2510,514.143069797092
2511,497.62943267822266
2512,490.8236897786458
2513,550.1367865668403
2514,617.0583902994791
2515,673.869130452474
2516,674.6949272155762
2517,626.9683702256945
2518,499.6565653483073
2519,534.414537217882
2520,554.1105550130209
2521,564.5608444213867
2522,497.36760796440973
2523,585.1974792480469
2524,672.9264865451389
2525,696.8731825086805
2526,628.2446250915527
2527,698.0387268066406
2528,620.5701124403212
2529,560.3090379503038
2530,590.6748962402344
2531,607.2962989807129
2532,578.8170742458767
2533,698.2006564670139
2534,620.6128777398003
2535,607.0186021592882
2536,584.9964942932129
2537,683.7674221462673
2538,502.2714674207899
2539,601.5037570529514
2540,622.2857394748264
2541,573.3730316162109
2542,676.7903917100695
2543,541.9058329264323
2544,481.3681945800781
2545,480.4724426269531
2546,424.74975967407227
2547,486.5570475260417
2548,383.7428554958767
2549,432.78289794921875
2550,500.8857184516059
2551,525.7025680541992
2552,462.7275695800781
2553,507.5168694390191
2554,541.3660854763455
2555,576.2706061469185
2556,549.056697845459
2557,626.6119452582466
2558,615.226548936632
2559,564.583248562283
2560,576.9822252061632
2561,610.3845138549805
2562,550.359615749783
2563,520.2114529079861
2564,465.37605455186633
2565,567.7608778211805
2566,628.3268966674805
2567,712.2893134223091
2568,692.230726453993
2569,705.5557929144966
2570,863.2659640842014
2571,588.1128845214844
2572,514.3052639431423
2573,511.0358717176649
2574,555.9809841579861
2575,664.0257466634115
2576,692.6715087890625
2577,714.8765733506945
2578,687.7343682183159
2579,836.5428738064236
2580,724.1207139756945
2581,719.2779846191406
2582,633.9241434733073
2583,693.2064412434896
2584,552.4622972276476
2585,510.25081719292535
2586,563.0898666381836
2587,646.1359456380209
2588,559.6533203125
2589,603.1868862575955
2590,468.0518391927083
2591,493.31164932250977
2592,450.17746988932294
2593,418.8202311197917
2594,429.9944559733073
2595,371.67701212565106
2596,388.5176200866699
2597,403.5163387722439
2598,649.5533464219835
2599,613.4070570203993
2600,724.5280219184028
2601,638.1833724975586
2602,583.7424689398872
2603,525.648206922743
2604,445.89306301540796
2605,527.469241672092
2606,528.7125663757324
2607,574.7991265190972
2608,518.3524068196615
2609,638.1722174750435
2610,618.6956719292534
2611,693.121036529541
2612,849.9722832573784
2613,883.4878743489584
2614,847.2830539279514
2615,613.6869303385416
2616,651.8787803649902
2617,463.9777662489149
2618,478.2308044433594
2619,426.6295912000868
2620,328.92529635959204
2621,453.8164978027344
2622,449.8021240234375
2623,508.22230360243054
2624,564.2645602756077
2625,595.2522481282552
2626,515.9490776062012
2627,485.39701165093317
2628,776.0971950954861
2629,652.6414862738716
2630,616.4513448079427
2631,643.025806427002
2632,648.717759874132
2633,497.121831258138
2634,455.58607313368054
2635,492.24520026312933
2636,566.4400787353516
2637,553.115709092882
2638,647.5336507161459
2639,582.8065422905815
2640,534.4288974338108
2641,478.02727127075195
2642,633.4250861273872
2643,660.715084499783
2644,604.8869832356771
2645,630.3330552842882
2646,571.5447044372559
2647,529.8472256130642
2648,426.6945292154948
2649,547.8374803331163
2650,725.7648383246528
2651,591.3617515563965
2652,556.9337107340494
2653,531.7366400824653
2654,494.3350592719184
2655,476.60280354817706
2656,446.6243724822998
2657,562.9412434895834
2658,581.792945014106
2659,626.0381401909722
2660,655.7942165798611
2661,521.1881141662598
2662,444.0385470920139
2663,557.5016072591146
2664,476.1914638943142
2665,548.3426174587673
2666,511.09932708740234
2667,472.04267035590277
2668,443.5852220323351
2669,371.9118160671658
2670,336.10441250271265
2671,360.017879486084
2672,329.64331393771704
2673,311.1306966145833
2674,423.73595174153644
2675,473.82325575086804
2676,509.3979911804199
2677,482.41376410590277
2678,545.6231282552084
2679,506.06314765082465
2680,416.37563069661456
2681,400.9216117858887
2682,384.3819274902344
2683,426.95422702365454
2684,352.3954264322917
2685,322.438239203559
2686,379.9275703430176
2687,416.96764797634546
2688,415.10443793402777
2689,409.24698554144965
2690,449.6146748860677
2691,442.794282913208
2692,380.9561513264974
2693,465.36602105034723
2694,491.34801228841144
2695,487.63953993055554
2696,480.5091781616211
2697,439.05567762586804
2698,411.0801730685764
2699,469.56238132052954
2700,465.5002950032552
2701,636.9166069030762
2702,639.6112026638455
2703,649.2944810655382
2704,661.8484225802952
2705,671.3991631401909
2706,656.343376159668
2707,529.6758422851562
2708,555.462144639757
2709,563.5246785481771
2710,518.7120700412327
2711,568.8269081115723
2712,635.195058186849
2713,519.5879279242622
2714,473.32815890842016
2715,738.4076436360677
2716,763.8449440002441
2717,938.7535942925347
2718,877.155287000868
2719,664.2175835503472
2720,681.2853393554688
2721,526.8663063049316
2722,592.4984876844618
2723,471.4087422688802
2724,552.5947943793403
2725,501.9243435329861
2726,436.6809883117676
2727,421.17627970377606
2728,450.56800672743054
2729,425.4982638888889
2730,392.0111660427517
2731,395.35708236694336
2732,346.6986321343316
2733,368.7829115125868
2734,369.28076510959204
2735,363.0832790798611
2736,449.0060005187988
2737,335.1428799099392
2738,282.0796135796441
2739,233.0142076280382
2740,226.59390767415366
2741,165.90600872039795
2742,245.47838677300348
2743,193.02608574761285
2744,181.659063551161
2745,154.7352727254232
